label,runs,warmup,mean,std,median
hive_sf30,5,1,586.6072523416005,42.69170274741394,568.4651885830026
delta_sf30,5,1,567.2713299161987,4.829233216915605,566.5159184160002
iceberg_sf30,5,1,541.0323834749986,3.299772313554941,540.8150474579961
