label,runs,warmup,mean,std,median
hive_sf1,5,1,21.377256708600907,0.1890647653167581,21.343399833996955
delta_sf1,5,1,21.58310559160018,0.43395254813417683,21.304550166001718
iceberg_sf1,5,1,19.218466366601934,0.16998674769445124,19.2384702499985
