label,runs,warmup,mean,std,median
hive_sf10,5,1,193.15915764999954,2.2788319930902423,192.7569856669943
delta_sf10,5,1,278.56757924200065,147.8426168764697,205.88709525000013
iceberg_sf10,5,1,185.41909667479922,1.0920249789806158,185.01313570899947
