label,runs,warmup,mean,std,median
hive_sf1,5,1,136.07929132499993,13.8247404803995,139.76953887499985
delta_sf1,5,1,138.9205050751989,11.233789830801033,140.94672008400084
iceberg_sf1,5,1,145.10106217500288,12.192581794802035,144.43092754200916
